<?xml version="1.0" encoding="utf-8"?>
<root>
  <doclet-version-NOT-library-version>1.00</doclet-version-NOT-library-version>
  <dependsOn>jcore</dependsOn>
  <dependsOn>javaobject</dependsOn>
  <dependsOn>dht</dependsOn>
  <class>
    <name>de.rwbl.dht.dht</name>
    <shortname>DHT</shortname>
    <comment>Class module
DHT.bas
</comment>
    <method>
      <name>IsInitialized</name>
      <comment>Tests whether the object has been initialized.</comment>
      <returntype>boolean</returntype>
    </method>
    <method>
      <name DesignerName="Class_Globals">_class_globals</name>
      <returntype>String</returntype>
    </method>
    <method>
      <name DesignerName="Humidity">_humidity</name>
      <comment> Get the Humidity in %RH
 If the value can not be read, NaN is returned.
</comment>
      <returntype>float</returntype>
    </method>
    <method>
      <name DesignerName="Initialize">_initialize</name>
      <comment>Initializes the object with the Sensor Type and GPIO Pin (BCM numbering is used)
Sensor Types: 2302 (AM2302), 11 (DHT-11), 22 (DHT-22 [DHT22 also named as AM2302])
Example (Private dht22 as DHT) connected to a Raspberry Pi physical pin 15 (=BCM22):&lt;copy&gt;
dht22.Initialize(22, 22)
&lt;/copy&gt;
</comment>
      <returntype>String</returntype>
      <parameter>
        <name>ba</name>
        <type>anywheresoftware.b4a.BA</type>
      </parameter>
      <parameter>
        <name>SensorType</name>
        <type>int</type>
      </parameter>
      <parameter>
        <name>Pin</name>
        <type>int</type>
      </parameter>
    </method>
    <method>
      <name DesignerName="Temperature">_temperature</name>
      <comment> Get the Temperature in Deg C
 If the value can not be read, NaN is returned.
</comment>
      <returntype>float</returntype>
    </method>
  </class>
  <version>1.01</version>
  <author>Robert W.B. Linn @ www.rwblinn.de</author>
</root>